sample,elapsed_s,ros_stamp_sec,ros_stamp_nanosec,connected,homed,raw_position_i32,raw_position_u16,raw_position_hex,position_in_turn_12bit,raw_signed16,delta_in_turn,turn_delta_total,node_relative_ticks,target_position,position_error_direction,position_error_ticks,estimated_position_minus,estimated_position_plus,moving,load_raw,current_raw,voltage_v,temperature_c,fault
0,0.034980,1780561289,779748931,True,True,0,0,0x0000,0,0,0,0,0,3995,False,0,3995,3995,False,0,0,12.100,32,
1,0.136272,1780561289,880960461,True,True,0,0,0x0000,0,0,0,0,0,3995,False,0,3995,3995,False,0,0,12.100,32,
2,0.237307,1780561289,981890320,True,True,0,0,0x0000,0,0,0,0,0,3995,False,0,3995,3995,False,0,0,12.100,33,
3,0.333887,1780561290,78880729,True,True,0,0,0x0000,0,0,0,0,0,3995,False,0,3995,3995,False,0,0,12.100,32,
4,0.432704,1780561290,177674053,True,True,0,0,0x0000,0,0,0,0,0,3995,False,0,3995,3995,False,0,0,12.100,32,
5,0.534933,1780561290,279934626,True,True,0,0,0x0000,0,0,0,0,0,3995,False,0,3995,3995,False,0,0,12.100,32,
6,0.633576,1780561290,378529650,True,True,0,0,0x0000,0,0,0,0,0,3995,False,0,3995,3995,False,0,0,12.100,32,
7,0.736625,1780561290,481493003,True,True,0,0,0x0000,0,0,0,0,0,3995,False,0,3995,3995,False,0,0,12.100,32,
8,0.878445,1780561290,623118408,True,True,0,0,0x0000,0,0,0,0,0,3995,False,0,3995,3995,False,0,0,12.100,32,
9,0.953506,1780561290,697693081,True,True,0,0,0x0000,0,0,0,0,0,3995,False,0,3995,3995,False,0,0,12.100,32,
10,1.049410,1780561290,794398713,True,True,0,0,0x0000,0,0,0,0,0,3995,False,0,3995,3995,False,0,0,12.100,32,
11,1.183596,1780561290,928386165,True,True,0,0,0x0000,0,0,0,0,0,3995,False,0,3995,3995,False,0,0,12.100,32,
12,1.320042,1780561291,64805668,True,True,0,0,0x0000,0,0,0,0,0,3995,False,0,3995,3995,False,0,0,12.100,32,
13,1.481299,1780561291,225874884,True,True,0,0,0x0000,0,0,0,0,0,3995,False,0,3995,3995,False,0,0,12.100,32,
14,1.602368,1780561291,347390989,True,True,0,0,0x0000,0,0,0,0,0,3995,False,0,3995,3995,False,0,0,12.100,32,
15,1.654876,1780561291,399629794,True,True,0,0,0x0000,0,0,0,0,0,3995,False,0,3995,3995,False,0,0,12.100,32,
16,1.681734,1780561291,426368146,True,True,0,0,0x0000,0,0,0,0,0,3995,False,0,3995,3995,False,0,0,12.100,32,
17,1.741435,1780561291,486333913,True,True,0,0,0x0000,0,0,0,0,0,3995,False,0,3995,3995,False,0,0,12.100,32,
18,1.840953,1780561291,585880543,True,True,0,0,0x0000,0,0,0,0,0,3995,False,0,3995,3995,False,0,0,12.100,32,
19,1.936630,1780561291,681549883,True,True,0,0,0x0000,0,0,0,0,0,3995,False,0,3995,3995,False,0,0,12.100,32,
20,2.035509,1780561291,780283634,True,True,0,0,0x0000,0,0,0,0,0,3995,False,0,3995,3995,False,0,0,12.100,32,
21,2.136902,1780561291,881925721,True,True,0,0,0x0000,0,0,0,0,0,3995,False,0,3995,3995,False,0,0,12.100,32,
22,2.235065,1780561291,979684210,True,True,0,0,0x0000,0,0,0,0,0,3995,False,0,3995,3995,False,0,0,12.100,32,
23,2.333688,1780561292,78549963,True,True,0,0,0x0000,0,0,0,0,0,3995,False,0,3995,3995,False,0,0,12.100,32,
24,2.432782,1780561292,177543600,True,True,0,0,0x0000,0,0,0,0,0,3995,False,0,3995,3995,False,0,0,12.100,32,
25,2.532552,1780561292,277562490,True,True,0,0,0x0000,0,0,0,0,0,3995,False,0,3995,3995,False,0,0,12.100,32,
26,2.634273,1780561292,379254981,True,True,0,0,0x0000,0,0,0,0,0,3995,False,0,3995,3995,False,0,0,12.100,32,
27,2.756818,1780561292,501580327,True,True,0,0,0x0000,0,0,0,0,0,3995,False,0,3995,3995,False,0,0,12.100,32,
28,2.839618,1780561292,584312511,True,True,0,0,0x0000,0,0,0,0,0,3995,False,0,3995,3995,False,0,0,12.100,34,
29,2.939791,1780561292,684580197,True,True,0,0,0x0000,0,0,0,0,0,3995,False,0,3995,3995,False,0,0,12.100,32,
30,3.526413,1780561293,271085727,True,True,0,0,0x0000,0,0,0,0,0,3995,False,0,3995,3995,False,0,0,12.100,32,
31,3.783906,1780561293,528870770,True,True,0,0,0x0000,0,0,0,0,0,3995,False,0,3995,3995,False,0,0,12.100,32,
32,3.835403,1780561293,580115295,True,True,0,0,0x0000,0,0,0,0,0,3995,False,0,3995,3995,False,0,0,12.100,32,
33,3.868527,1780561293,613351076,True,True,0,0,0x0000,0,0,0,0,0,3995,False,0,3995,3995,False,0,0,12.100,32,
34,3.936744,1780561293,681638051,True,True,0,0,0x0000,0,0,0,0,0,3995,False,0,3995,3995,False,0,0,12.100,32,
35,4.034391,1780561293,779355014,True,True,0,0,0x0000,0,0,0,0,0,3995,False,0,3995,3995,False,0,0,12.100,32,
36,4.134309,1780561293,879084449,True,True,0,0,0x0000,0,0,0,0,0,3995,False,0,3995,3995,False,0,0,12.100,32,
37,4.234630,1780561293,979063871,True,True,0,0,0x0000,0,0,0,0,0,3995,False,0,3995,3995,False,0,0,12.100,32,
38,4.333362,1780561294,78111696,True,True,0,0,0x0000,0,0,0,0,0,3995,False,0,3995,3995,False,0,0,12.100,32,
39,4.433273,1780561294,177873347,True,True,0,0,0x0000,0,0,0,0,0,3995,False,0,3995,3995,False,0,0,12.100,32,
40,4.532678,1780561294,277611756,True,True,0,0,0x0000,0,0,0,0,0,3995,False,0,3995,3995,False,0,0,12.100,33,
41,4.634260,1780561294,379301138,True,True,0,0,0x0000,0,0,0,0,0,3995,False,0,3995,3995,False,0,0,12.100,32,
42,4.734645,1780561294,479414107,True,True,0,0,0x0000,0,0,0,0,0,3995,False,0,3995,3995,False,0,0,12.100,32,
43,4.840938,1780561294,585607104,True,True,0,0,0x0000,0,0,0,0,0,3995,False,0,3995,3995,False,0,0,12.100,32,
44,5.080156,1780561294,824852740,True,True,0,0,0x0000,0,0,0,0,0,3995,False,0,3995,3995,False,0,0,12.100,32,
45,5.693875,1780561295,438398227,True,True,0,0,0x0000,0,0,0,0,0,3995,False,0,3995,3995,False,0,0,12.100,32,
46,5.814443,1780561295,559283797,True,True,0,0,0x0000,0,0,0,0,0,3995,False,0,3995,3995,False,0,0,12.100,32,
47,5.847197,1780561295,591818104,True,True,0,0,0x0000,0,0,0,0,0,3995,False,0,3995,3995,False,0,0,12.100,32,
48,5.866479,1780561295,611279269,True,True,0,0,0x0000,0,0,0,0,0,3995,False,0,3995,3995,False,0,0,12.000,32,
49,5.934018,1780561295,678992180,True,True,0,0,0x0000,0,0,0,0,0,3995,False,0,3995,3995,False,0,0,12.100,33,
50,6.035483,1780561295,780018313,True,True,0,0,0x0000,0,0,0,0,0,3995,False,0,3995,3995,False,0,0,12.100,32,
51,6.134497,1780561295,879132861,True,True,0,0,0x0000,0,0,0,0,0,3995,False,0,3995,3995,False,0,0,12.100,32,
52,6.234287,1780561295,979059406,True,True,0,0,0x0000,0,0,0,0,0,3995,False,0,3995,3995,False,0,0,12.100,32,
53,6.334490,1780561296,79341267,True,True,0,0,0x0000,0,0,0,0,0,3995,False,0,3995,3995,False,0,0,12.100,32,
54,6.436865,1780561296,181350923,True,True,0,0,0x0000,0,0,0,0,0,3995,False,0,3995,3995,False,0,0,12.100,32,
55,6.533643,1780561296,278526297,True,True,0,0,0x0000,0,0,0,0,0,3995,False,0,3995,3995,False,0,0,12.100,32,
56,6.633746,1780561296,378770534,True,True,0,0,0x0000,0,0,0,0,0,3995,False,0,3995,3995,False,0,0,12.100,32,
57,6.732906,1780561296,477925921,True,True,0,0,0x0000,0,0,0,0,0,3995,False,0,3995,3995,False,0,0,12.100,32,
58,6.833333,1780561296,578251693,True,True,0,0,0x0000,0,0,0,0,0,3995,False,0,3995,3995,False,0,0,12.100,32,
59,7.044954,1780561296,789211663,True,True,0,0,0x0000,0,0,0,0,0,3995,False,0,3995,3995,False,0,0,12.100,32,
60,7.093465,1780561296,838039040,True,True,0,0,0x0000,0,0,0,0,0,3995,False,0,3995,3995,False,0,0,12.100,32,
61,7.593479,1780561297,338352871,True,True,0,0,0x0000,0,0,0,0,0,3995,False,0,3995,3995,False,0,0,12.100,32,
62,7.799001,1780561297,543919888,True,True,0,0,0x0000,0,0,0,0,0,3995,False,0,3995,3995,False,0,0,12.100,32,
63,7.864319,1780561297,609001067,True,False,32788,32788,0x8014,20,-32748,20,20,0,3994,True,20,3974,4014,True,0,0,12.100,32,
64,7.877085,1780561297,621810677,True,False,32788,32788,0x8014,20,-32748,0,20,0,3993,True,20,3973,4013,True,24,0,12.100,32,
65,7.936150,1780561297,680814295,True,False,32785,32785,0x8011,17,-32751,-3,17,0,3984,True,17,3967,4001,True,68,1,12.100,32,
66,8.042678,1780561297,787284774,True,False,32788,32788,0x8014,20,-32748,3,20,0,3965,True,20,3945,3985,True,72,1,12.100,32,
67,8.137745,1780561297,882286998,True,False,32792,32792,0x8018,24,-32744,4,24,0,3952,True,24,3928,3976,True,56,1,12.100,32,
68,8.235988,1780561297,980774445,True,False,32775,32775,0x8007,7,-32761,-17,7,0,3936,True,7,3929,3943,True,44,0,12.100,32,
69,8.336008,1780561298,80149719,True,False,32790,32790,0x8016,22,-32746,15,22,0,3930,True,22,3908,3952,True,64,2,12.100,32,
70,8.434498,1780561298,178372985,True,False,32774,32774,0x8006,6,-32762,-16,6,0,3915,True,6,3909,3921,True,56,1,12.100,32,
71,8.536140,1780561298,280916864,True,False,32787,32787,0x8013,19,-32749,13,19,0,3907,True,19,3888,3926,True,72,1,12.100,32,
72,8.653804,1780561298,398222538,True,False,32791,32791,0x8017,23,-32745,4,23,0,3894,True,23,3871,3917,True,20,0,12.100,32,
73,8.740594,1780561298,484917351,True,False,32785,32785,0x8011,17,-32751,-6,17,0,3883,True,17,3866,3900,True,84,1,12.100,32,
74,8.847766,1780561298,592057952,True,False,32791,32791,0x8017,23,-32745,6,23,0,3874,True,23,3851,3897,True,40,1,12.100,32,
75,9.056063,1780561298,800968362,True,False,32772,32772,0x8004,4,-32764,-19,4,0,3855,True,4,3851,3859,True,28,0,12.100,32,
76,9.117479,1780561298,862319825,True,False,32771,32771,0x8003,3,-32765,-1,3,0,3855,True,3,3852,3858,False,32,0,12.100,32,
77,9.768761,1780561299,513584126,True,False,32791,32791,0x8017,23,-32745,20,23,0,3840,True,23,3817,3863,False,48,1,12.100,32,
78,9.825869,1780561299,570739204,True,False,32771,32771,0x8003,3,-32765,-20,3,0,3835,True,3,3832,3838,False,32,1,12.100,32,
79,9.838516,1780561299,583362786,True,False,32771,32771,0x8003,3,-32765,0,3,0,3835,True,3,3832,3838,False,32,0,12.100,32,
80,9.936864,1780561299,681763249,True,False,32788,32788,0x8014,20,-32748,17,20,0,3827,True,20,3807,3847,True,76,2,12.100,32,
81,10.034756,1780561299,779274191,True,False,32792,32792,0x8018,24,-32744,4,24,0,3810,True,24,3786,3834,True,80,1,12.100,32,
82,10.134932,1780561299,879790902,True,False,32794,32794,0x801A,26,-32742,2,26,0,3795,True,26,3769,3821,True,52,1,12.100,32,
83,10.234711,1780561299,979719161,True,False,32779,32779,0x800B,11,-32757,-15,11,0,3778,True,11,3767,3789,True,64,1,12.100,32,
84,10.332633,1780561300,77539287,True,False,32786,32786,0x8012,18,-32750,7,18,0,3765,True,18,3747,3783,True,72,0,12.100,32,
85,10.433443,1780561300,178202467,True,False,32790,32790,0x8016,22,-32746,4,22,0,3749,True,22,3727,3771,True,76,1,12.100,32,
86,10.533503,1780561300,278290247,True,False,32793,32793,0x8019,25,-32743,3,25,0,3734,True,25,3709,3759,True,52,0,12.100,32,
87,10.646446,1780561300,391255001,True,False,32797,32797,0x801D,29,-32739,4,29,0,3717,True,29,3688,3746,True,56,1,12.100,32,
88,10.734312,1780561300,479101567,True,False,32783,32783,0x800F,15,-32753,-14,15,0,3701,True,15,3686,3716,True,72,0,12.100,32,
89,10.836895,1780561300,582049049,True,False,32786,32786,0x8012,18,-32750,3,18,0,3684,True,18,3666,3702,True,72,1,12.100,32,
90,11.638911,1780561301,383713484,True,False,32790,32790,0x8016,22,-32746,4,22,0,3668,True,22,3646,3690,False,24,0,12.100,32,
91,11.833014,1780561301,577014453,True,False,32770,32770,0x8002,2,-32766,-20,2,0,3655,True,2,3653,3657,False,24,0,12.100,32,
92,11.846111,1780561301,591005095,True,False,32770,32770,0x8002,2,-32766,0,2,0,3655,True,2,3653,3657,False,24,1,12.100,32,
93,11.942854,1780561301,687808702,True,False,32787,32787,0x8013,19,-32749,17,19,0,3647,True,19,3628,3666,True,60,1,12.100,32,
94,12.034503,1780561301,779470448,True,False,32792,32792,0x8018,24,-32744,5,24,0,3632,True,24,3608,3656,True,76,2,12.100,32,
95,12.135434,1780561301,880217832,True,False,32795,32795,0x801B,27,-32741,3,27,0,3616,True,27,3589,3643,True,60,1,12.100,32,
96,12.236790,1780561301,981567561,True,False,32779,32779,0x800B,11,-32757,-16,11,0,3598,True,11,3587,3609,True,60,1,12.100,32,
97,12.333043,1780561302,77997532,True,False,32787,32787,0x8013,19,-32749,8,19,0,3586,True,19,3567,3605,True,76,0,12.100,32,
98,12.436338,1780561302,181090383,True,False,32791,32791,0x8017,23,-32745,4,23,0,3569,True,23,3546,3592,True,76,1,12.100,32,
99,12.533800,1780561302,278821563,True,False,32793,32793,0x8019,25,-32743,2,25,0,3554,True,25,3529,3579,True,52,0,12.100,32,
100,12.645550,1780561302,390383843,True,False,32797,32797,0x801D,29,-32739,4,29,0,3537,True,29,3508,3566,True,52,1,12.100,32,
101,12.732366,1780561302,477438757,True,False,32783,32783,0x800F,15,-32753,-14,15,0,3521,True,15,3506,3536,True,68,0,12.100,32,
102,12.838283,1780561302,583339230,True,False,32787,32787,0x8013,19,-32749,4,19,0,3504,True,19,3485,3523,True,84,1,12.100,32,
103,12.952532,1780561302,696785667,True,False,32791,32791,0x8017,23,-32745,4,23,0,3490,True,23,3467,3513,True,72,1,12.100,32,
104,13.059087,1780561302,803539315,True,False,32776,32776,0x8008,8,-32760,-15,8,0,3475,True,8,3467,3483,True,60,1,12.100,32,
105,13.431849,1780561303,176756020,True,False,32790,32790,0x8016,22,-32746,14,22,0,3460,True,22,3438,3482,False,60,1,12.100,32,
106,13.621362,1780561303,366297308,True,False,32772,32772,0x8004,4,-32764,-18,4,0,3455,True,4,3451,3459,False,40,0,12.100,32,
107,13.694239,1780561303,439226209,True,False,32772,32772,0x8004,4,-32764,0,4,0,3455,True,4,3451,3459,False,40,1,12.100,32,
108,13.737031,1780561303,482007451,True,False,32792,32792,0x8018,24,-32744,20,24,0,3454,True,24,3430,3478,True,52,2,12.100,32,
109,13.834528,1780561303,579270477,True,False,32783,32783,0x800F,15,-32753,-9,15,0,3439,True,15,3424,3454,True,96,1,12.100,32,
110,13.937570,1780561303,682412119,True,False,32790,32790,0x8016,22,-32746,7,22,0,3425,True,22,3403,3447,True,100,3,12.100,32,
111,14.034841,1780561303,779760001,True,False,32794,32794,0x801A,26,-32742,4,26,0,3410,True,26,3384,3436,True,104,3,12.100,32,
112,14.133266,1780561303,878204678,True,False,32797,32797,0x801D,29,-32739,3,29,0,3395,True,29,3366,3424,True,72,1,12.100,32,
113,14.233906,1780561303,978801896,True,False,32783,32783,0x800F,15,-32753,-14,15,0,3378,True,15,3363,3393,True,100,3,12.100,32,
114,14.333029,1780561304,78002080,True,False,32789,32789,0x8015,21,-32747,6,21,0,3365,True,21,3344,3386,True,108,3,12.100,32,
115,14.433494,1780561304,178406291,True,False,32775,32775,0x8007,7,-32761,-14,7,0,3355,True,7,3348,3362,True,60,1,12.100,33,
116,14.532900,1780561304,277885292,True,False,32774,32774,0x8006,6,-32762,-1,6,0,3355,True,6,3349,3361,False,56,2,12.100,32,
117,14.637390,1780561304,382065791,True,False,32773,32773,0x8005,5,-32763,-1,5,0,3355,True,5,3350,3360,False,44,1,12.100,32,
118,14.817132,1780561304,560723820,True,False,32773,32773,0x8005,5,-32763,0,5,0,3355,True,5,3350,3360,False,48,1,12.100,32,
119,14.920333,1780561304,664522460,True,False,32773,32773,0x8005,5,-32763,0,5,0,3355,True,5,3350,3360,False,48,1,12.100,32,
120,14.946923,1780561304,691792265,True,False,32773,32773,0x8005,5,-32763,0,5,0,3355,True,5,3350,3360,False,48,1,12.100,32,
121,15.047829,1780561304,792713452,True,False,32773,32773,0x8005,5,-32763,0,5,0,3355,True,5,3350,3360,False,48,1,12.100,32,
122,15.598953,1780561305,343661712,True,False,32773,32773,0x8005,5,-32763,0,5,0,3355,True,5,3350,3360,False,48,1,12.100,32,
123,15.751721,1780561305,496560834,True,False,32773,32773,0x8005,5,-32763,0,5,0,3355,True,5,3350,3360,False,48,1,12.100,32,
124,15.770910,1780561305,515731198,True,False,32773,32773,0x8005,5,-32763,0,5,0,3355,True,5,3350,3360,False,48,1,12.100,32,
125,15.835846,1780561305,580689732,True,False,32773,32773,0x8005,5,-32763,0,5,0,3355,True,5,3350,3360,False,48,1,12.100,32,
126,15.933316,1780561305,678361128,True,False,32773,32773,0x8005,5,-32763,0,5,0,3355,True,5,3350,3360,False,48,1,12.100,32,
127,16.036457,1780561305,781064514,True,False,32773,32773,0x8005,5,-32763,0,5,0,3355,True,5,3350,3360,False,48,1,12.100,32,
128,16.137847,1780561305,882507068,True,False,32773,32773,0x8005,5,-32763,0,5,0,3355,True,5,3350,3360,False,48,1,12.100,32,
129,16.236429,1780561305,981087362,True,False,32773,32773,0x8005,5,-32763,0,5,0,3355,True,5,3350,3360,False,48,1,12.100,32,
130,16.335652,1780561306,80441288,True,False,32773,32773,0x8005,5,-32763,0,5,0,3355,True,5,3350,3360,False,48,1,12.100,32,
131,16.434743,1780561306,179551564,True,False,32773,32773,0x8005,5,-32763,0,5,0,3355,True,5,3350,3360,False,48,0,12.100,32,
132,16.533092,1780561306,277882980,True,False,32773,32773,0x8005,5,-32763,0,5,0,3355,True,5,3350,3360,False,48,1,12.100,32,
133,16.632221,1780561306,377204634,True,False,33093,33093,0x8145,325,-32443,320,325,0,3351,True,325,3026,3676,True,88,3,12.100,32,
134,16.733437,1780561306,478432931,True,False,33077,33077,0x8135,309,-32459,-16,309,0,3332,True,309,3023,3641,True,100,2,12.100,32,
135,17.075533,1780561306,820156118,True,False,33054,33054,0x811E,286,-32482,-23,286,0,3293,True,286,3007,3579,True,104,3,12.100,32,
136,17.735032,1780561307,479922180,True,False,32941,32941,0x80AD,173,-32595,-113,173,0,3184,True,173,3011,3357,True,72,0,12.100,33,
137,17.834412,1780561307,579076258,True,False,32868,32868,0x8064,100,-32668,-73,100,0,3120,True,100,3020,3220,True,72,1,12.100,32,
138,17.861705,1780561307,606683434,True,False,32850,32850,0x8052,82,-32686,-18,82,0,3108,True,82,3026,3190,True,72,1,12.100,32,
139,17.933772,1780561307,678523710,True,False,32833,32833,0x8041,65,-32703,-17,65,0,3091,True,65,3026,3156,True,72,0,12.100,32,
140,18.033379,1780561307,777942295,True,False,32812,32812,0x802C,44,-32724,-21,44,0,3071,True,44,3027,3115,True,72,0,12.100,33,
141,18.134520,1780561307,879148119,True,False,32793,32793,0x8019,25,-32743,-19,25,0,3051,True,25,3026,3076,True,72,1,12.100,33,
142,18.232902,1780561307,977806969,True,False,32774,32774,0x8006,6,-32762,-19,6,0,3036,True,6,3030,3042,True,48,1,12.100,32,
143,18.336179,1780561308,81056017,True,False,32770,32770,0x8002,2,-32766,-4,2,0,3035,True,2,3033,3037,False,24,0,12.100,32,
144,18.433442,1780561308,178395736,True,False,32770,32770,0x8002,2,-32766,0,2,0,3035,True,2,3033,3037,False,24,0,12.100,32,
145,18.532709,1780561308,277366476,True,False,32770,32770,0x8002,2,-32766,0,2,0,3035,True,2,3033,3037,False,24,0,12.100,32,
146,18.634197,1780561308,378813565,True,False,32770,32770,0x8002,2,-32766,0,2,0,3035,True,2,3033,3037,False,24,0,12.100,32,
147,18.734556,1780561308,479678932,True,False,32770,32770,0x8002,2,-32766,0,2,0,3035,True,2,3033,3037,False,24,0,12.100,32,
148,18.835701,1780561308,580508381,True,False,32770,32770,0x8002,2,-32766,0,2,0,3035,True,2,3033,3037,False,24,1,12.100,32,
149,19.053333,1780561308,798120490,True,False,32770,32770,0x8002,2,-32766,0,2,0,3035,True,2,3033,3037,False,24,0,12.100,33,
150,19.509304,1780561309,253999150,True,False,32770,32770,0x8002,2,-32766,0,2,0,0,True,2,-2,2,False,3035,24,0.000,0,
151,19.714603,1780561309,459394604,True,False,8313,8313,0x2079,121,8313,119,121,0,0,False,8313,-8313,8313,False,32770,0,12.100,32,
152,19.892801,1780561309,637613704,True,False,33410,33410,0x8282,642,-32126,521,642,0,3034,True,642,2392,3676,True,32,1,12.100,32,
153,19.905316,1780561309,650202264,True,False,33410,33410,0x8282,642,-32126,0,642,0,3033,True,642,2391,3675,True,56,1,12.100,32,
154,19.934273,1780561309,678723310,True,False,33407,33407,0x827F,639,-32129,-3,639,0,3029,True,639,2390,3668,True,56,0,12.100,32,
155,20.034919,1780561309,779734463,True,False,33391,33391,0x826F,623,-32145,-16,623,0,3009,True,623,2386,3632,True,76,1,12.100,32,
156,20.134649,1780561309,879410706,True,False,33371,33371,0x825B,603,-32165,-20,603,0,2989,True,603,2386,3592,True,72,2,12.100,32,
157,20.237333,1780561309,982096545,True,False,33351,33351,0x8247,583,-32185,-20,583,0,2969,True,583,2386,3552,True,84,0,12.100,32,
158,20.337470,1780561310,82091914,True,False,33331,33331,0x8233,563,-32205,-20,563,0,2949,True,563,2386,3512,True,80,0,12.100,32,
159,20.436459,1780561310,180878469,True,False,33311,33311,0x821F,543,-32225,-20,543,0,2929,True,543,2386,3472,True,80,1,12.100,32,
160,20.533500,1780561310,278658024,True,False,33291,33291,0x820B,523,-32245,-20,523,0,2909,True,523,2386,3432,True,80,1,12.100,32,
161,20.634611,1780561310,379236114,True,False,33271,33271,0x81F7,503,-32265,-20,503,0,2889,True,503,2386,3392,True,80,0,12.100,32,
162,20.735543,1780561310,480328597,True,False,33251,33251,0x81E3,483,-32285,-20,483,0,2869,True,483,2386,3352,True,80,1,12.100,32,
163,20.834290,1780561310,579087208,True,False,33232,33232,0x81D0,464,-32304,-19,464,0,2849,True,464,2385,3313,True,92,1,12.100,32,
164,21.091136,1780561310,835856410,True,False,33211,33211,0x81BB,443,-32325,-21,443,0,2823,True,443,2380,3266,True,80,1,12.100,32,
165,21.467982,1780561311,212613090,True,False,33175,33175,0x8197,407,-32361,-36,407,0,2751,True,407,2344,3158,True,92,2,12.100,32,
166,21.586758,1780561311,331591091,True,False,33102,33102,0x814E,334,-32434,-73,334,0,2714,True,334,2380,3048,True,88,1,12.100,32,
167,21.714463,1780561311,459050352,True,False,33078,33078,0x8136,310,-32458,-24,310,0,2693,True,310,2383,3003,True,80,1,12.100,32,
168,21.783838,1780561311,528748817,True,False,33051,33051,0x811B,283,-32485,-27,283,0,2664,True,283,2381,2947,True,80,1,12.100,32,
169,21.798909,1780561311,543650680,True,False,33039,33039,0x810F,271,-32497,-12,271,0,2656,True,271,2385,2927,True,88,1,12.100,32,
170,21.833705,1780561311,578653321,True,False,33032,33032,0x8108,264,-32504,-7,264,0,2648,True,264,2384,2912,True,88,2,12.100,32,
171,21.934150,1780561311,678920064,True,False,33012,33012,0x80F4,244,-32524,-20,244,0,2628,True,244,2384,2872,True,92,2,12.100,32,
172,22.034961,1780561311,779803274,True,False,32992,32992,0x80E0,224,-32544,-20,224,0,2608,True,224,2384,2832,True,88,2,12.100,33,
173,22.144662,1780561311,887923958,True,False,32972,32972,0x80CC,204,-32564,-20,204,0,2587,True,204,2383,2791,True,88,2,12.100,32,
174,22.246533,1780561311,990942440,True,False,32951,32951,0x80B7,183,-32585,-21,183,0,2567,True,183,2384,2750,True,96,2,12.100,32,
175,22.335743,1780561312,80552841,True,False,32931,32931,0x80A3,163,-32605,-20,163,0,2548,True,163,2385,2711,True,96,2,12.100,32,
176,22.434168,1780561312,179198126,True,False,32911,32911,0x808F,143,-32625,-20,143,0,2528,True,143,2385,2671,True,88,2,12.100,32,
177,22.533774,1780561312,278322947,True,False,32891,32891,0x807B,123,-32645,-20,123,0,2508,True,123,2385,2631,True,80,2,12.100,32,
178,22.633430,1780561312,378288187,True,False,32870,32870,0x8066,102,-32666,-21,102,0,2488,True,102,2386,2590,True,76,1,12.100,32,
179,22.740831,1780561312,484993310,True,False,32849,32849,0x8051,81,-32687,-21,81,0,2468,True,81,2387,2549,True,72,1,12.100,32,
180,22.873263,1780561312,617454219,True,False,32829,32829,0x803D,61,-32707,-20,61,0,2445,True,61,2384,2506,True,80,2,12.100,32,
181,22.960016,1780561312,703838120,True,False,32810,32810,0x802A,42,-32726,-19,42,0,2427,True,42,2385,2469,True,76,1,12.100,32,
182,23.048459,1780561312,792680816,True,False,32790,32790,0x8016,22,-32746,-20,22,0,2407,True,22,2385,2429,True,80,1,12.100,32,
183,23.161981,1780561312,906331715,True,False,32772,32772,0x8004,4,-32764,-18,4,0,2395,True,4,2391,2399,True,28,0,12.100,32,
184,23.273574,1780561313,18259248,True,False,32770,32770,0x8002,2,-32766,-2,2,0,2395,True,2,2393,2397,False,24,0,12.100,32,
185,23.377144,1780561313,122064993,True,False,32770,32770,0x8002,2,-32766,0,2,0,2395,True,2,2393,2397,False,24,0,12.100,32,
186,23.529384,1780561313,274397487,True,False,32770,32770,0x8002,2,-32766,0,2,0,2395,True,2,2393,2397,False,24,0,12.100,32,
187,23.670622,1780561313,415336953,True,False,32770,32770,0x8002,2,-32766,0,2,0,2395,True,2,2393,2397,False,24,0,12.100,32,
188,23.695551,1780561313,440184151,True,False,32770,32770,0x8002,2,-32766,0,2,0,2395,True,2,2393,2397,False,24,0,12.100,32,
189,23.736551,1780561313,481303689,True,False,32769,32769,0x8001,1,-32767,-1,1,0,2395,True,1,2394,2396,False,0,0,12.100,32,
190,23.835725,1780561313,580478750,True,False,32769,32769,0x8001,1,-32767,0,1,0,2395,True,1,2394,2396,False,0,0,12.100,32,
191,23.934475,1780561313,679380340,True,False,32769,32769,0x8001,1,-32767,0,1,0,2395,True,1,2394,2396,False,0,0,12.100,32,
192,24.037128,1780561313,782141365,True,False,32769,32769,0x8001,1,-32767,0,1,0,2395,True,1,2394,2396,False,0,0,12.100,32,
193,24.135232,1780561313,880195215,True,False,32769,32769,0x8001,1,-32767,0,1,0,2395,True,1,2394,2396,False,0,0,12.100,32,
194,24.234890,1780561313,979836681,True,False,0,0,0x0000,0,0,-1,0,0,2395,False,0,2395,2395,False,0,0,12.100,32,
195,24.334058,1780561314,78914830,True,False,0,0,0x0000,0,0,0,0,0,2395,False,0,2395,2395,False,0,0,12.100,32,
196,24.433656,1780561314,178727993,True,False,0,0,0x0000,0,0,0,0,0,2395,False,0,2395,2395,False,0,0,12.100,32,
197,24.533020,1780561314,277761867,True,False,0,0,0x0000,0,0,0,0,0,2395,False,0,2395,2395,False,0,0,12.100,32,
198,24.634688,1780561314,379598045,True,False,0,0,0x0000,0,0,0,0,0,2395,False,0,2395,2395,False,0,0,12.100,32,
199,24.762795,1780561314,506904473,True,False,0,0,0x0000,0,0,0,0,0,2395,False,0,2395,2395,False,0,0,12.100,32,
200,24.861082,1780561314,605803931,True,False,0,0,0x0000,0,0,0,0,0,2395,False,0,2395,2395,False,0,0,12.100,32,
201,24.937996,1780561314,682443299,True,False,33088,33088,0x8140,320,-32448,320,320,0,2393,True,320,2073,2713,True,24,0,12.100,32,
202,25.036700,1780561314,781196095,True,False,33078,33078,0x8136,310,-32458,-10,310,0,2377,True,310,2067,2687,True,64,1,12.100,33,
203,25.572413,1780561315,317254079,True,False,33058,33058,0x8122,290,-32478,-20,290,0,2348,True,290,2058,2638,True,76,1,12.100,32,
204,25.669055,1780561315,413678683,True,False,32963,32963,0x80C3,195,-32573,-95,195,0,2258,True,195,2063,2453,True,80,0,12.100,32,
205,25.695113,1780561315,439962792,True,False,32949,32949,0x80B5,181,-32587,-14,181,0,2247,True,181,2066,2428,True,80,1,12.100,32,
206,25.736683,1780561315,481537361,True,False,32939,32939,0x80AB,171,-32597,-10,171,0,2237,True,171,2066,2408,True,76,0,12.100,32,
207,25.833313,1780561315,578167016,True,False,32919,32919,0x8097,151,-32617,-20,151,0,2217,True,151,2066,2368,True,72,0,12.100,33,
208,25.935192,1780561315,679682775,True,False,32899,32899,0x8083,131,-32637,-20,131,0,2197,True,131,2066,2328,True,80,0,12.100,32,
209,26.033735,1780561315,778557865,True,False,32878,32878,0x806E,110,-32658,-21,110,0,2177,True,110,2067,2287,True,80,1,12.100,32,
210,26.138037,1780561315,882657567,True,False,32859,32859,0x805B,91,-32677,-19,91,0,2157,True,91,2066,2248,True,72,0,12.100,32,
211,26.239321,1780561315,983704392,True,False,32838,32838,0x8046,70,-32698,-21,70,0,2136,True,70,2066,2206,True,72,0,12.100,32,
212,26.332956,1780561316,77967262,True,False,32819,32819,0x8033,51,-32717,-19,51,0,2117,True,51,2066,2168,True,72,1,12.100,32,
213,26.434297,1780561316,179148823,True,False,32798,32798,0x801E,30,-32738,-21,30,0,2096,True,30,2066,2126,True,80,1,12.100,32,
214,26.534632,1780561316,279555640,True,False,32778,32778,0x800A,10,-32758,-20,10,0,2078,True,10,2068,2088,True,60,1,12.100,32,
215,26.635952,1780561316,380530468,True,False,32770,32770,0x8002,2,-32766,-8,2,0,2075,True,2,2073,2077,True,20,0,12.100,32,
216,26.765839,1780561316,510303944,True,False,32770,32770,0x8002,2,-32766,0,2,0,2075,True,2,2073,2077,False,24,0,12.100,32,
217,26.978906,1780561316,723354854,True,False,32770,32770,0x8002,2,-32766,0,2,0,2075,True,2,2073,2077,False,24,0,12.100,32,
218,27.061362,1780561316,806166718,True,False,32770,32770,0x8002,2,-32766,0,2,0,2075,True,2,2073,2077,False,24,0,12.100,32,
219,27.609610,1780561317,354223063,True,False,33089,33089,0x8141,321,-32447,319,321,0,2062,True,321,1741,2383,True,76,1,12.100,32,
220,27.657153,1780561317,401852795,True,False,33069,33069,0x812D,301,-32467,-20,301,0,2046,True,301,1745,2347,True,72,1,12.100,32,
221,27.675718,1780561317,420489045,True,False,33064,33064,0x8128,296,-32472,-5,296,0,2042,True,296,1746,2338,True,76,1,12.100,32,
222,27.735913,1780561317,480950070,True,False,33052,33052,0x811C,284,-32484,-12,284,0,2029,True,284,1745,2313,True,84,1,12.100,32,
223,27.835093,1780561317,579830317,True,False,33032,33032,0x8108,264,-32504,-20,264,0,2010,True,264,1746,2274,True,80,0,12.100,32,
224,27.933590,1780561317,678593690,True,False,33011,33011,0x80F3,243,-32525,-21,243,0,1989,True,243,1746,2232,True,68,1,12.100,32,
225,28.033837,1780561317,778706802,True,False,32992,32992,0x80E0,224,-32544,-19,224,0,1970,True,224,1746,2194,True,76,1,12.100,32,
226,28.134453,1780561317,878974194,True,False,32971,32971,0x80CB,203,-32565,-21,203,0,1949,True,203,1746,2152,True,80,1,12.100,32,
227,28.233230,1780561317,978138897,True,False,32952,32952,0x80B8,184,-32584,-19,184,0,1929,True,184,1745,2113,True,80,1,12.100,33,
228,28.333015,1780561318,78045361,True,False,32932,32932,0x80A4,164,-32604,-20,164,0,1909,True,164,1745,2073,True,80,0,12.100,32,
229,28.433818,1780561318,178682818,True,False,32912,32912,0x8090,144,-32624,-20,144,0,1889,True,144,1745,2033,True,72,1,12.100,33,
230,28.534314,1780561318,278972288,True,False,32892,32892,0x807C,124,-32644,-20,124,0,1869,True,124,1745,1993,True,80,1,12.100,32,
231,28.638829,1780561318,383742639,True,False,32871,32871,0x8067,103,-32665,-21,103,0,1849,True,103,1746,1952,True,80,1,12.100,32,
232,28.796297,1780561318,541137472,True,False,32850,32850,0x8052,82,-32686,-21,82,0,1824,True,82,1742,1906,True,72,1,12.100,33,
233,28.876431,1780561318,621240371,True,False,32831,32831,0x803F,63,-32705,-19,63,0,1806,True,63,1743,1869,True,80,1,12.100,32,
234,28.981522,1780561318,726514364,True,False,32810,32810,0x802A,42,-32726,-21,42,0,1785,True,42,1743,1827,True,80,0,12.100,32,
235,29.115437,1780561318,860108641,True,False,33101,33101,0x814D,333,-32435,291,333,0,1758,True,333,1425,2091,True,76,1,12.100,32,
236,29.528872,1780561319,273811442,True,False,33089,33089,0x8141,321,-32447,-12,321,0,1731,True,321,1410,2052,True,72,1,12.100,32,
237,29.617101,1780561319,361916996,True,False,32999,32999,0x80E7,231,-32537,-90,231,0,1657,True,231,1426,1888,True,80,1,12.100,32,
238,29.641225,1780561319,386163333,True,False,32992,32992,0x80E0,224,-32544,-7,224,0,1649,True,224,1425,1873,True,88,1,12.100,32,
239,29.736275,1780561319,480916465,True,False,32972,32972,0x80CC,204,-32564,-20,204,0,1629,True,204,1425,1833,True,80,1,12.100,32,
240,29.835710,1780561319,580138976,True,False,32951,32951,0x80B7,183,-32585,-21,183,0,1609,True,183,1426,1792,True,80,1,12.100,32,
241,29.938046,1780561319,683097888,True,False,32932,32932,0x80A4,164,-32604,-19,164,0,1589,True,164,1425,1753,True,72,0,12.100,32,
242,30.035542,1780561319,780108830,True,False,32911,32911,0x808F,143,-32625,-21,143,0,1569,True,143,1426,1712,True,76,2,12.100,32,
243,30.133852,1780561319,878846752,True,False,32892,32892,0x807C,124,-32644,-19,124,0,1549,True,124,1425,1673,True,84,1,12.100,32,
244,30.235952,1780561319,980959913,True,False,32871,32871,0x8067,103,-32665,-21,103,0,1529,True,103,1426,1632,True,76,2,12.100,32,
245,30.341664,1780561320,86223318,True,False,32851,32851,0x8053,83,-32685,-20,83,0,1509,True,83,1426,1592,True,68,0,12.100,32,
246,30.434604,1780561320,179197123,True,False,32831,32831,0x803F,63,-32705,-20,63,0,1489,True,63,1426,1552,True,80,1,12.100,32,
247,30.535098,1780561320,280039465,True,False,32811,32811,0x802B,43,-32725,-20,43,0,1469,True,43,1426,1512,True,80,1,12.100,32,
248,30.656576,1780561320,401005983,True,False,32792,32792,0x8018,24,-32744,-19,24,0,1449,True,24,1425,1473,True,80,1,12.100,32,
249,30.891033,1780561320,635757843,True,False,32773,32773,0x8005,5,-32763,-19,5,0,1435,True,5,1430,1440,False,40,0,12.100,32,
250,31.451956,1780561321,196881641,True,False,32772,32772,0x8004,4,-32764,-1,4,0,1435,True,4,1431,1439,False,0,0,12.100,32,
251,31.663351,1780561321,408155289,True,False,32771,32771,0x8003,3,-32765,-1,3,0,1435,True,3,1432,1438,False,32,1,12.100,32,
252,31.722693,1780561321,467661026,True,False,32771,32771,0x8003,3,-32765,0,3,0,1435,True,3,1432,1438,False,32,0,12.100,32,
253,31.745098,1780561321,490113356,True,False,32771,32771,0x8003,3,-32765,0,3,0,1435,True,3,1432,1438,False,32,1,12.100,32,
254,31.833253,1780561321,578128266,True,False,32771,32771,0x8003,3,-32765,0,3,0,1435,True,3,1432,1438,False,32,0,12.100,32,
255,31.936527,1780561321,681518282,True,False,32771,32771,0x8003,3,-32765,0,3,0,1435,True,3,1432,1438,False,32,0,12.100,32,
256,32.033595,1780561321,778422174,True,False,32771,32771,0x8003,3,-32765,0,3,0,1435,True,3,1432,1438,False,32,0,12.100,32,
257,32.137598,1780561321,882499075,True,False,32771,32771,0x8003,3,-32765,0,3,0,1435,True,3,1432,1438,False,32,0,12.100,32,
258,32.239223,1780561321,983770485,True,False,32771,32771,0x8003,3,-32765,0,3,0,1435,True,3,1432,1438,False,32,0,12.100,32,
259,32.336595,1780561322,81495490,True,False,32771,32771,0x8003,3,-32765,0,3,0,1435,True,3,1432,1438,False,32,0,12.100,32,
260,32.434138,1780561322,179079294,True,False,32771,32771,0x8003,3,-32765,0,3,0,1435,True,3,1432,1438,False,32,0,12.100,32,
261,32.534794,1780561322,279793252,True,False,32771,32771,0x8003,3,-32765,0,3,0,1435,True,3,1432,1438,False,32,0,12.100,32,
262,32.638436,1780561322,383383921,True,False,32771,32771,0x8003,3,-32765,0,3,0,1435,True,3,1432,1438,False,32,1,12.100,32,
263,32.829134,1780561322,573983698,True,False,32771,32771,0x8003,3,-32765,0,3,0,1435,True,3,1432,1438,False,32,0,12.100,32,
264,32.984872,1780561322,729756877,True,False,32771,32771,0x8003,3,-32765,0,3,0,1435,True,3,1432,1438,False,32,1,12.100,32,
265,33.093447,1780561322,838393545,True,False,32771,32771,0x8003,3,-32765,0,3,0,1435,True,3,1432,1438,False,32,1,12.100,32,
266,33.190480,1780561322,935276647,True,False,32771,32771,0x8003,3,-32765,0,3,0,1435,True,3,1432,1438,False,32,1,12.100,32,
267,33.414027,1780561323,158829270,True,False,32771,32771,0x8003,3,-32765,0,3,0,1435,True,3,1432,1438,False,32,1,12.100,32,
268,33.536885,1780561323,281892820,True,False,32771,32771,0x8003,3,-32765,0,3,0,1435,True,3,1432,1438,False,32,0,12.100,32,
269,33.617043,1780561323,361803334,True,False,32771,32771,0x8003,3,-32765,0,3,0,1435,True,3,1432,1438,False,32,1,12.100,32,
270,33.668448,1780561323,413178594,True,False,32931,32931,0x80A3,163,-32605,160,163,0,1434,True,163,1271,1597,True,44,0,12.100,32,
271,33.735038,1780561323,479754899,True,False,32925,32925,0x809D,157,-32611,-6,157,0,1424,True,157,1267,1581,True,80,2,12.100,32,
272,33.837861,1780561323,582788329,True,False,32907,32907,0x808B,139,-32629,-18,139,0,1404,True,139,1265,1543,True,96,2,12.100,32,
273,33.944951,1780561323,689916325,True,False,32888,32888,0x8078,120,-32648,-19,120,0,1383,True,120,1263,1503,True,96,2,12.100,32,
274,34.045076,1780561323,790085153,True,False,32868,32868,0x8064,100,-32668,-20,100,0,1363,True,100,1263,1463,True,104,2,12.100,32,
275,34.136984,1780561323,881911955,True,False,32849,32849,0x8051,81,-32687,-19,81,0,1343,True,81,1262,1424,True,104,3,12.100,32,
276,34.240022,1780561323,985082092,True,False,32829,32829,0x803D,61,-32707,-20,61,0,1323,True,61,1262,1384,True,104,2,12.100,32,
277,34.334757,1780561324,79723804,True,False,32809,32809,0x8029,41,-32727,-20,41,0,1304,True,41,1263,1345,True,104,2,12.100,32,
278,34.434782,1780561324,179440254,True,False,32789,32789,0x8015,21,-32747,-20,21,0,1283,True,21,1262,1304,True,104,2,12.100,32,
279,34.533860,1780561324,278601574,True,False,32774,32774,0x8006,6,-32762,-15,6,0,1275,True,6,1269,1281,True,48,0,12.100,32,
280,34.659007,1780561324,403863980,True,False,32773,32773,0x8005,5,-32763,-1,5,0,1275,True,5,1270,1280,False,48,1,12.100,32,
281,34.802937,1780561324,547532470,True,False,32773,32773,0x8005,5,-32763,0,5,0,1275,True,5,1270,1280,False,48,0,12.100,32,
282,34.902422,1780561324,647168649,True,False,32773,32773,0x8005,5,-32763,0,5,0,1275,True,5,1270,1280,False,48,1,12.100,33,
283,34.992664,1780561324,737542355,True,False,32773,32773,0x8005,5,-32763,0,5,0,1275,True,5,1270,1280,False,48,1,12.100,32,
284,35.101664,1780561324,846342286,True,False,32773,32773,0x8005,5,-32763,0,5,0,1275,True,5,1270,1280,False,48,1,12.100,32,
285,35.169049,1780561324,913835927,True,False,32773,32773,0x8005,5,-32763,0,5,0,1275,True,5,1270,1280,False,48,1,12.100,32,
286,35.501139,1780561325,246116260,True,False,32773,32773,0x8005,5,-32763,0,5,0,1275,True,5,1270,1280,False,48,1,12.100,32,
287,35.534062,1780561325,278945851,True,False,32773,32773,0x8005,5,-32763,0,5,0,1275,True,5,1270,1280,False,48,1,12.100,32,
288,35.564022,1780561325,308641692,True,False,32773,32773,0x8005,5,-32763,0,5,0,1275,True,5,1270,1280,False,48,1,12.100,32,
289,35.639195,1780561325,383977993,True,False,32773,32773,0x8005,5,-32763,0,5,0,1275,True,5,1270,1280,False,48,1,12.100,32,
290,35.737895,1780561325,482884876,True,False,32773,32773,0x8005,5,-32763,0,5,0,1275,True,5,1270,1280,False,48,1,12.100,32,
291,35.837379,1780561325,582037213,True,False,32773,32773,0x8005,5,-32763,0,5,0,1275,True,5,1270,1280,False,48,1,12.100,32,
292,35.938722,1780561325,683555234,True,False,32773,32773,0x8005,5,-32763,0,5,0,1275,True,5,1270,1280,False,48,1,12.100,32,
293,36.032730,1780561325,777784580,True,False,32773,32773,0x8005,5,-32763,0,5,0,1275,True,5,1270,1280,False,48,1,12.100,32,
294,36.133743,1780561325,878623083,True,False,32773,32773,0x8005,5,-32763,0,5,0,1275,True,5,1270,1280,False,48,1,12.100,32,
295,36.234197,1780561325,979346744,True,False,32773,32773,0x8005,5,-32763,0,5,0,1275,True,5,1270,1280,False,48,1,12.100,32,
296,36.333024,1780561326,77927442,True,False,32773,32773,0x8005,5,-32763,0,5,0,1275,True,5,1270,1280,False,48,0,12.100,32,
297,36.435498,1780561326,180491483,True,False,32773,32773,0x8005,5,-32763,0,5,0,1275,True,5,1270,1280,False,48,1,12.100,33,
298,36.538473,1780561326,283293914,True,False,32773,32773,0x8005,5,-32763,0,5,0,1275,True,5,1270,1280,False,48,1,12.100,32,
299,36.739649,1780561326,483943721,True,False,32773,32773,0x8005,5,-32763,0,5,0,1275,True,5,1270,1280,False,48,1,12.100,32,
300,36.788241,1780561326,532374122,True,False,32773,32773,0x8005,5,-32763,0,5,0,1275,True,5,1270,1280,False,48,1,12.100,32,
301,37.195370,1780561326,939909788,True,False,32773,32773,0x8005,5,-32763,0,5,0,1275,True,5,1270,1280,False,48,0,12.100,32,
302,37.519645,1780561327,264308667,True,False,32773,32773,0x8005,5,-32763,0,5,0,1275,True,5,1270,1280,False,48,1,12.100,32,
303,37.573072,1780561327,317972943,True,False,32773,32773,0x8005,5,-32763,0,5,0,1275,True,5,1270,1280,False,48,1,12.100,32,
304,37.608968,1780561327,353676987,True,False,32773,32773,0x8005,5,-32763,0,5,0,1275,True,5,1270,1280,False,48,1,12.100,32,
305,37.645688,1780561327,390473021,True,False,32773,32773,0x8005,5,-32763,0,5,0,1275,True,5,1270,1280,False,48,1,12.100,32,
306,37.735450,1780561327,479887375,True,False,32773,32773,0x8005,5,-32763,0,5,0,1275,True,5,1270,1280,False,48,1,12.100,32,
307,37.832986,1780561327,578037542,True,False,32773,32773,0x8005,5,-32763,0,5,0,1275,True,5,1270,1280,False,48,1,12.100,32,
308,37.934147,1780561327,678974674,True,False,32773,32773,0x8005,5,-32763,0,5,0,1275,True,5,1270,1280,False,48,1,12.100,32,
309,38.034088,1780561327,778808818,True,False,32773,32773,0x8005,5,-32763,0,5,0,1275,True,5,1270,1280,False,48,1,12.100,32,
